
{
    "comment" : "This file is used to help set default values when using the dotnet CLI extension Amazon.ElasticBeanstalk.Tools. For more information run \"dotnet eb --help\" from the project root.",
    "profile" : "root",
    "region"  : "us-east-2",
    "application" : "WebApi",
    "environment" : "DevelopCore",
    "solution-stack" : "64bit Windows Server Core 2019 v2.6.3 running IIS 10.0",
    "iis-website"    : "Default Web Site",
    "app-path"       : "/",
    "enable-xray"    : false
}